{"cameraMode":{"drawMode":0,"name":"Shaded","section":"Shading Mode"},"sceneLighting":true,"audioPlay":false,"sceneViewState":{"m_AlwaysRefresh":false,"showFog":true,"showSkybox":true,"showFlares":true,"showImageEffects":true,"showParticleSystems":true,"showVisualEffectGraphs":true,"m_FxEnabled":true},"in2DMode":false,"pivot":{"x":0.057999998331069949,"y":0.06199999898672104,"z":-0.11900000274181366},"rotation":{"x":0.019486162811517717,"y":-0.035384416580200198,"z":0.0006921082967892289,"w":0.9991946816444397},"size":0.1476210206747055,"orthographic":false}