{"cameraMode":{"drawMode":0,"name":"Shaded","section":"Shading Mode"},"sceneLighting":false,"audioPlay":false,"sceneViewState":{"m_AlwaysRefresh":false,"showFog":true,"showSkybox":false,"showFlares":true,"showImageEffects":true,"showParticleSystems":true,"showVisualEffectGraphs":true,"m_FxEnabled":true},"in2DMode":false,"pivot":{"x":0.0002553090453147888,"y":-0.07284381240606308,"z":-0.06475791335105896},"rotation":{"x":0.07641512155532837,"y":0.01645089127123356,"z":-0.0012607561657205225,"w":0.9969415664672852},"size":0.036091215908527377,"orthographic":true}